is_holiday,revenue_pct
False,92.49987936377362
True,7.500120636226396
